,Avg_expr,is_DE_limma,is_DA_dorothea,is_DA_chromVar,is_DE_and_DA,cluster,ID
MYRF,0.003901,no,yes,no,no,EVT_2,EVT_2_MYRF
ZNF451,0.555838,yes,no,no,no,EVT_2,EVT_2_ZNF451
RXRA,0.30116,yes,no,no,no,EVT_2,EVT_2_RXRA
ZNF549,0.022857,no,yes,no,no,EVT_2,EVT_2_ZNF549
GATA5,0.000313,no,yes,no,no,EVT_2,EVT_2_GATA5
BCL6B,0.000535,no,yes,no,no,EVT_2,EVT_2_BCL6B
NFIL3,0.194569,yes,no,no,no,EVT_2,EVT_2_NFIL3
SMARCA5,0.336336,no,yes,no,no,EVT_2,EVT_2_SMARCA5
ASCL2,0.913468,no,yes,no,no,EVT_2,EVT_2_ASCL2
ZBTB5,0.031904,no,yes,no,no,EVT_2,EVT_2_ZBTB5
ZNF584,0.010229,no,yes,no,no,EVT_2,EVT_2_ZNF584
EGR1,0.310508,yes,yes,no,yes,EVT_2,EVT_2_EGR1
LHX2,0.077235,yes,no,no,no,EVT_2,EVT_2_LHX2
ZNF493,0.090101,yes,yes,no,yes,EVT_2,EVT_2_ZNF493
ATOH1,not_enough_cells_expr_limma,no,yes,no,no,EVT_2,EVT_2_ATOH1
ZBTB46,0.099419,no,yes,no,no,EVT_2,EVT_2_ZBTB46
ISX,not_enough_cells_expr_limma,no,yes,no,no,EVT_2,EVT_2_ISX
CSRNP2,0.082571,no,yes,no,no,EVT_2,EVT_2_CSRNP2
ADNP2,0.12903,yes,yes,no,yes,EVT_2,EVT_2_ADNP2
ERF,0.017089,yes,no,no,no,EVT_2,EVT_2_ERF
ATF2,0.209477,no,yes,no,no,EVT_2,EVT_2_ATF2
SMARCC2,0.17394,no,yes,no,no,EVT_2,EVT_2_SMARCC2
ZNF8,0.012921,yes,yes,no,yes,EVT_2,EVT_2_ZNF8
ZNF160,0.135947,no,yes,no,no,EVT_2,EVT_2_ZNF160
ZNF445,0.034555,no,yes,no,no,EVT_2,EVT_2_ZNF445
HOXB2,0.051186,no,yes,no,no,EVT_2,EVT_2_HOXB2
THAP11,0.034634,no,yes,no,no,EVT_2,EVT_2_THAP11
FOXA2,0.000962,no,yes,no,no,EVT_2,EVT_2_FOXA2
ZSCAN30,0.067165,yes,no,no,no,EVT_2,EVT_2_ZSCAN30
JUNB,0.507202,yes,yes,no,yes,EVT_2,EVT_2_JUNB
RARB,0.011915,no,yes,no,no,EVT_2,EVT_2_RARB
SMAD3,0.341683,yes,yes,no,yes,EVT_2,EVT_2_SMAD3
ZBTB48,0.05062,no,yes,no,no,EVT_2,EVT_2_ZBTB48
ID4,0.053093,yes,yes,no,yes,EVT_2,EVT_2_ID4
RORC,0.003612,no,yes,no,no,EVT_2,EVT_2_RORC
SOX15,0.001376,no,yes,no,no,EVT_2,EVT_2_SOX15
TFAP2A,0.803344,no,yes,no,no,EVT_2,EVT_2_TFAP2A
RARG,0.007238,no,yes,no,no,EVT_2,EVT_2_RARG
KLF8,0.187592,no,yes,no,no,EVT_2,EVT_2_KLF8
ZNF587,0.102103,yes,no,no,no,EVT_2,EVT_2_ZNF587
ZBTB20,0.298112,yes,no,no,no,EVT_2,EVT_2_ZBTB20
PRDM15,0.030399,no,yes,no,no,EVT_2,EVT_2_PRDM15
ZNF585A,0.016005,yes,no,no,no,EVT_2,EVT_2_ZNF585A
NFIX,0.007499,no,yes,no,no,EVT_2,EVT_2_NFIX
ARID1B,0.785726,yes,no,no,no,EVT_2,EVT_2_ARID1B
SREBF1,0.159813,yes,no,no,no,EVT_2,EVT_2_SREBF1
SOX13,0.061822,no,yes,no,no,EVT_2,EVT_2_SOX13
STAT1,0.381032,no,yes,no,no,EVT_2,EVT_2_STAT1
RCOR2,0.042268,yes,no,no,no,EVT_2,EVT_2_RCOR2
SIX4,0.016085,no,yes,no,no,EVT_2,EVT_2_SIX4
ZXDB,0.009812,no,yes,no,no,EVT_2,EVT_2_ZXDB
MZF1,0.077721,yes,no,no,no,EVT_2,EVT_2_MZF1
MIER2,0.145186,yes,yes,no,yes,EVT_2,EVT_2_MIER2
KLF9,0.018158,yes,yes,no,yes,EVT_2,EVT_2_KLF9
EBF3,0.000706,no,yes,no,no,EVT_2,EVT_2_EBF3
SOX7,0.003657,no,yes,no,no,EVT_2,EVT_2_SOX7
MAX,0.231195,no,yes,no,no,EVT_2,EVT_2_MAX
ZNF117,0.190218,yes,no,no,no,EVT_2,EVT_2_ZNF117
HLX,0.007847,no,yes,no,no,EVT_2,EVT_2_HLX
TFE3,0.059975,yes,yes,no,yes,EVT_2,EVT_2_TFE3
ZNF266,0.050044,no,yes,no,no,EVT_2,EVT_2_ZNF266
TSHZ2,0.071797,no,yes,no,no,EVT_2,EVT_2_TSHZ2
SALL4,0.000254,no,yes,no,no,EVT_2,EVT_2_SALL4
PBX2,0.122664,yes,yes,no,yes,EVT_2,EVT_2_PBX2
ZFPM2,0.059813,no,yes,no,no,EVT_2,EVT_2_ZFPM2
RFX3,0.391652,yes,no,no,no,EVT_2,EVT_2_RFX3
ZNF219,0.004383,no,yes,no,no,EVT_2,EVT_2_ZNF219
ATF3,0.73239,yes,no,no,no,EVT_2,EVT_2_ATF3
BCL3,0.043934,yes,yes,no,yes,EVT_2,EVT_2_BCL3
ZBTB39,0.013024,yes,no,no,no,EVT_2,EVT_2_ZBTB39
FOXF2,0.002336,no,yes,no,no,EVT_2,EVT_2_FOXF2
ZNF532,0.09855,no,yes,no,no,EVT_2,EVT_2_ZNF532
DDIT3,0.064342,yes,no,no,no,EVT_2,EVT_2_DDIT3
MYCL,0.074591,yes,yes,no,yes,EVT_2,EVT_2_MYCL
CIC,0.053554,yes,yes,no,yes,EVT_2,EVT_2_CIC
IRX4,0.006377,no,yes,no,no,EVT_2,EVT_2_IRX4
IRX3,0.024802,yes,yes,no,yes,EVT_2,EVT_2_IRX3
PRDM6,0.008891,no,yes,no,no,EVT_2,EVT_2_PRDM6
TFAP2B,0.010482,no,yes,no,no,EVT_2,EVT_2_TFAP2B
ZBTB2,0.129105,yes,no,no,no,EVT_2,EVT_2_ZBTB2
ZBTB7B,0.079106,yes,no,no,no,EVT_2,EVT_2_ZBTB7B
PRDM16,0.023192,no,yes,no,no,EVT_2,EVT_2_PRDM16
ZNF514,0.022585,no,yes,no,no,EVT_2,EVT_2_ZNF514
ZEB2,0.114705,yes,no,no,no,EVT_2,EVT_2_ZEB2
ISL1,0.020036,no,yes,no,no,EVT_2,EVT_2_ISL1
MYCN,0.688719,yes,no,no,no,EVT_2,EVT_2_MYCN
ADNP,0.400272,no,yes,no,no,EVT_2,EVT_2_ADNP
ZNF347,0.035806,no,yes,no,no,EVT_2,EVT_2_ZNF347
CEBPD,0.626164,yes,no,no,no,EVT_2,EVT_2_CEBPD
KLF10,0.308438,yes,no,no,no,EVT_2,EVT_2_KLF10
ZNF251,0.094804,no,yes,no,no,EVT_2,EVT_2_ZNF251
RFX2,0.365962,yes,no,no,no,EVT_2,EVT_2_RFX2
GLIS2,0.010161,no,yes,no,no,EVT_2,EVT_2_GLIS2
KLF15,0.001785,no,yes,no,no,EVT_2,EVT_2_KLF15
KLF7,0.043978,no,yes,no,no,EVT_2,EVT_2_KLF7
TADA2B,0.026051,yes,no,no,no,EVT_2,EVT_2_TADA2B
DNMT3A,0.135658,yes,no,no,no,EVT_2,EVT_2_DNMT3A
FOXL1,not_enough_cells_expr_limma,no,yes,no,no,EVT_2,EVT_2_FOXL1
ZNF264,0.095797,yes,no,no,no,EVT_2,EVT_2_ZNF264
TOX3,0.005081,no,yes,no,no,EVT_2,EVT_2_TOX3
HIVEP1,0.201865,no,yes,no,no,EVT_2,EVT_2_HIVEP1
ZNF211,0.049964,yes,yes,no,yes,EVT_2,EVT_2_ZNF211
IRF1,0.248865,yes,no,no,no,EVT_2,EVT_2_IRF1
FOXP3,0.00197,no,yes,no,no,EVT_2,EVT_2_FOXP3
TCF7L1,0.13758,yes,no,no,no,EVT_2,EVT_2_TCF7L1
ZNF93,0.133793,no,yes,no,no,EVT_2,EVT_2_ZNF93
FOXQ1,0.001606,yes,no,no,no,EVT_2,EVT_2_FOXQ1
ZBTB40,0.16206,no,yes,no,no,EVT_2,EVT_2_ZBTB40
ZNF417,0.004197,no,yes,no,no,EVT_2,EVT_2_ZNF417
TSHZ1,0.043743,no,yes,no,no,EVT_2,EVT_2_TSHZ1
MAFF,0.268511,yes,no,no,no,EVT_2,EVT_2_MAFF
RREB1,0.777853,no,yes,no,no,EVT_2,EVT_2_RREB1
MEOX1,0.003233,no,yes,no,no,EVT_2,EVT_2_MEOX1
TFEB,0.010968,no,yes,no,no,EVT_2,EVT_2_TFEB
BNC1,0.002214,yes,yes,no,yes,EVT_2,EVT_2_BNC1
GCM1,1.269386,no,yes,no,no,EVT_2,EVT_2_GCM1
TCF7,0.142191,yes,no,no,no,EVT_2,EVT_2_TCF7
ZNF281,0.17142,yes,no,no,no,EVT_2,EVT_2_ZNF281
ZBED1,0.069164,yes,no,no,no,EVT_2,EVT_2_ZBED1
MEF2C,0.069899,yes,no,no,no,EVT_2,EVT_2_MEF2C
WT1,0.023865,yes,no,no,no,EVT_2,EVT_2_WT1
PKNOX2,0.004505,no,yes,no,no,EVT_2,EVT_2_PKNOX2
STAT6,0.249641,yes,yes,no,yes,EVT_2,EVT_2_STAT6
KLF5,0.555777,yes,no,no,no,EVT_2,EVT_2_KLF5
SMAD2,0.404152,no,yes,no,no,EVT_2,EVT_2_SMAD2
ZNF142,0.044572,no,yes,no,no,EVT_2,EVT_2_ZNF142
GLIS3,0.461475,no,yes,no,no,EVT_2,EVT_2_GLIS3
EBF1,0.076645,yes,yes,no,yes,EVT_2,EVT_2_EBF1
RELA,0.093973,no,yes,no,no,EVT_2,EVT_2_RELA
FOXC1,0.005675,yes,no,no,no,EVT_2,EVT_2_FOXC1
JUN,0.236815,yes,yes,no,yes,EVT_2,EVT_2_JUN
ZBTB43,0.136064,yes,yes,no,yes,EVT_2,EVT_2_ZBTB43
IKZF3,0.023411,no,yes,no,no,EVT_2,EVT_2_IKZF3
ZNF512B,0.038351,no,yes,no,no,EVT_2,EVT_2_ZNF512B
FOSL2,0.792105,yes,no,no,no,EVT_2,EVT_2_FOSL2
KLF11,0.034537,yes,yes,no,yes,EVT_2,EVT_2_KLF11
GATA6,0.06402,no,yes,no,no,EVT_2,EVT_2_GATA6
MEF2B,not_enough_cells_expr_limma,no,yes,no,no,EVT_2,EVT_2_MEF2B
ZFP92,5.4e-05,no,yes,no,no,EVT_2,EVT_2_ZFP92
HMGXB3,0.215991,yes,no,no,no,EVT_2,EVT_2_HMGXB3
ZNF785,0.041064,no,yes,no,no,EVT_2,EVT_2_ZNF785
TWIST2,0.016575,no,yes,no,no,EVT_2,EVT_2_TWIST2
NFE2L1,0.148332,yes,no,no,no,EVT_2,EVT_2_NFE2L1
HIF3A,0.010198,no,yes,no,no,EVT_2,EVT_2_HIF3A
MEIS2,0.226112,yes,no,no,no,EVT_2,EVT_2_MEIS2
PEG3,0.085715,yes,yes,no,yes,EVT_2,EVT_2_PEG3
ZNF621,0.072337,no,yes,no,no,EVT_2,EVT_2_ZNF621
MXD1,0.106164,yes,no,no,no,EVT_2,EVT_2_MXD1
MYOD1,0.000591,no,yes,no,no,EVT_2,EVT_2_MYOD1
ZFHX3,0.558505,no,yes,no,no,EVT_2,EVT_2_ZFHX3
ZNF605,0.023295,yes,no,no,no,EVT_2,EVT_2_ZNF605
HIVEP3,0.161626,no,yes,no,no,EVT_2,EVT_2_HIVEP3
EBF2,0.002809,no,yes,no,no,EVT_2,EVT_2_EBF2
SMAD9,0.005053,no,yes,no,no,EVT_2,EVT_2_SMAD9
EBF4,0.006107,no,yes,no,no,EVT_2,EVT_2_EBF4
ZNF23,0.000664,no,yes,no,no,EVT_2,EVT_2_ZNF23
ZNF71,0.021986,no,yes,no,no,EVT_2,EVT_2_ZNF71
ZNF707,0.033627,no,yes,no,no,EVT_2,EVT_2_ZNF707
HOPX,0.219714,yes,yes,no,yes,EVT_2,EVT_2_HOPX
STAT2,0.525595,yes,yes,no,yes,EVT_2,EVT_2_STAT2
ZNF746,0.082563,yes,no,no,no,EVT_2,EVT_2_ZNF746
TCF4,0.100422,yes,yes,no,yes,EVT_2,EVT_2_TCF4
CEBPG,0.152925,no,yes,no,no,EVT_2,EVT_2_CEBPG
ZIC3,not_enough_cells_expr_limma,no,yes,no,no,EVT_2,EVT_2_ZIC3
BACH2,0.024649,no,yes,no,no,EVT_2,EVT_2_BACH2
ZNF410,0.008492,yes,no,no,no,EVT_2,EVT_2_ZNF410
BCL11B,0.003357,no,yes,no,no,EVT_2,EVT_2_BCL11B
ZBTB6,0.017798,yes,no,no,no,EVT_2,EVT_2_ZBTB6
ARID3B,0.247936,yes,yes,no,yes,EVT_2,EVT_2_ARID3B
NFKBIZ,0.453316,yes,yes,no,yes,EVT_2,EVT_2_NFKBIZ
ARNTL,0.026922,no,yes,no,no,EVT_2,EVT_2_ARNTL
USF2,0.136334,no,yes,no,no,EVT_2,EVT_2_USF2
FOXC2,0.0,no,yes,no,no,EVT_2,EVT_2_FOXC2
ZNF354B,0.063977,no,yes,no,no,EVT_2,EVT_2_ZNF354B
SP140L,0.176938,no,yes,no,no,EVT_2,EVT_2_SP140L
ARID1A,0.491651,no,yes,no,no,EVT_2,EVT_2_ARID1A
ZNF787,0.076876,yes,no,no,no,EVT_2,EVT_2_ZNF787
PRDM8,0.006014,no,yes,no,no,EVT_2,EVT_2_PRDM8
RORA,0.133496,yes,no,no,no,EVT_2,EVT_2_RORA
ZNF224,0.088175,yes,no,no,no,EVT_2,EVT_2_ZNF224
NR1H2,0.144676,no,yes,no,no,EVT_2,EVT_2_NR1H2
ZNF556,0.007547,no,yes,no,no,EVT_2,EVT_2_ZNF556
MSC,0.00014,no,yes,no,no,EVT_2,EVT_2_MSC
ZNF202,0.020996,no,yes,no,no,EVT_2,EVT_2_ZNF202
ELK1,0.034927,no,yes,no,no,EVT_2,EVT_2_ELK1
FOXF1,0.001978,no,yes,no,no,EVT_2,EVT_2_FOXF1
ZNF853,0.000485,no,yes,no,no,EVT_2,EVT_2_ZNF853
ATF4,0.685859,yes,yes,no,yes,EVT_2,EVT_2_ATF4
PPP1R13L,0.272216,no,yes,no,no,EVT_2,EVT_2_PPP1R13L
ZNF649,0.023188,no,yes,no,no,EVT_2,EVT_2_ZNF649
NCOR2,0.530144,yes,no,no,no,EVT_2,EVT_2_NCOR2
MAFG,0.138536,yes,no,no,no,EVT_2,EVT_2_MAFG
ZIC4,8.7e-05,no,yes,no,no,EVT_2,EVT_2_ZIC4
POU5F1,0.015617,yes,no,no,no,EVT_2,EVT_2_POU5F1
ZFP41,0.006347,no,yes,no,no,EVT_2,EVT_2_ZFP41
NFAT5,0.684662,yes,no,no,no,EVT_2,EVT_2_NFAT5
TBX2,0.007951,no,yes,no,no,EVT_2,EVT_2_TBX2
EGR2,0.007303,yes,no,no,no,EVT_2,EVT_2_EGR2
IRF9,0.116495,yes,no,no,no,EVT_2,EVT_2_IRF9
ZNF460,0.025198,yes,yes,no,yes,EVT_2,EVT_2_ZNF460
ZNF174,0.0068,no,yes,no,no,EVT_2,EVT_2_ZNF174
TBX1,0.059109,no,yes,no,no,EVT_2,EVT_2_TBX1
HOXB6,0.004095,no,yes,no,no,EVT_2,EVT_2_HOXB6
ATF6B,0.231075,no,yes,no,no,EVT_2,EVT_2_ATF6B
SMAD6,0.014255,no,yes,no,no,EVT_2,EVT_2_SMAD6
FOXN3,0.759166,yes,yes,no,yes,EVT_2,EVT_2_FOXN3
ZBTB17,0.085492,no,yes,no,no,EVT_2,EVT_2_ZBTB17
YBX3,0.250799,yes,yes,no,yes,EVT_2,EVT_2_YBX3
MYF6,0.0,no,yes,no,no,EVT_2,EVT_2_MYF6
SOX12,0.003674,no,yes,no,no,EVT_2,EVT_2_SOX12
CREBZF,0.168129,yes,yes,no,yes,EVT_2,EVT_2_CREBZF
KMT2B,0.150038,yes,no,no,no,EVT_2,EVT_2_KMT2B
DMTF1,0.25893,no,yes,no,no,EVT_2,EVT_2_DMTF1
PURB,0.114176,yes,no,no,no,EVT_2,EVT_2_PURB
RUNX2,0.033964,no,yes,yes,no,EVT_2,EVT_2_RUNX2
PATZ1,0.019592,yes,no,no,no,EVT_2,EVT_2_PATZ1
LHX6,0.000536,no,yes,no,no,EVT_2,EVT_2_LHX6
HMGA2,0.003067,no,yes,no,no,EVT_2,EVT_2_HMGA2
ZNF366,0.004567,no,yes,no,no,EVT_2,EVT_2_ZNF366
SP6,0.00431,no,yes,no,no,EVT_2,EVT_2_SP6
SIX5,0.074986,yes,no,no,no,EVT_2,EVT_2_SIX5
SP5,0.001599,no,yes,no,no,EVT_2,EVT_2_SP5
TWIST1,0.022753,no,yes,no,no,EVT_2,EVT_2_TWIST1
CREB5,0.501722,yes,no,no,no,EVT_2,EVT_2_CREB5
HSF4,0.023618,yes,yes,no,yes,EVT_2,EVT_2_HSF4
PRDM1,0.020003,yes,no,no,no,EVT_2,EVT_2_PRDM1
SOX18,0.002973,no,yes,no,no,EVT_2,EVT_2_SOX18
NONO,0.374538,no,yes,no,no,EVT_2,EVT_2_NONO
MEIS3,0.005055,no,yes,no,no,EVT_2,EVT_2_MEIS3
FOS,2.181638,yes,no,no,no,EVT_2,EVT_2_FOS
KLF6,1.479854,yes,no,no,no,EVT_2,EVT_2_KLF6
ZNF76,0.116017,no,yes,no,no,EVT_2,EVT_2_ZNF76
ZNF805,0.017007,no,yes,no,no,EVT_2,EVT_2_ZNF805
NFATC4,0.004828,no,yes,no,no,EVT_2,EVT_2_NFATC4
ZNF692,0.101707,yes,yes,no,yes,EVT_2,EVT_2_ZNF692
NFATC2,0.026928,yes,no,no,no,EVT_2,EVT_2_NFATC2
ESRRA,0.378956,yes,no,no,no,EVT_2,EVT_2_ESRRA
ZNF513,0.034203,yes,no,no,no,EVT_2,EVT_2_ZNF513
ZNF397,0.133362,yes,no,no,no,EVT_2,EVT_2_ZNF397
NPAS1,0.001492,no,yes,no,no,EVT_2,EVT_2_NPAS1
ZNF74,0.019986,no,yes,no,no,EVT_2,EVT_2_ZNF74
VEZF1,0.097023,no,yes,no,no,EVT_2,EVT_2_VEZF1
MNT,0.101445,yes,no,no,no,EVT_2,EVT_2_MNT
SOX8,0.002085,no,yes,no,no,EVT_2,EVT_2_SOX8
SOX21,not_enough_cells_expr_limma,no,yes,no,no,EVT_2,EVT_2_SOX21
ELF1,0.749878,no,yes,no,no,EVT_2,EVT_2_ELF1
NHLH1,0.003851,no,yes,no,no,EVT_2,EVT_2_NHLH1
CSRNP1,0.190246,yes,yes,no,yes,EVT_2,EVT_2_CSRNP1
RCOR1,1.018692,yes,no,no,no,EVT_2,EVT_2_RCOR1
ZNF841,0.03585,yes,yes,no,yes,EVT_2,EVT_2_ZNF841
ZNF300,0.023334,no,yes,no,no,EVT_2,EVT_2_ZNF300
HOXC11,not_enough_cells_expr_limma,no,yes,no,no,EVT_2,EVT_2_HOXC11
TBX15,0.003343,no,yes,no,no,EVT_2,EVT_2_TBX15
ETV1,0.00776,no,yes,no,no,EVT_2,EVT_2_ETV1
YBX1,0.876862,no,yes,no,no,EVT_2,EVT_2_YBX1
EMX2,0.01286,yes,yes,no,yes,EVT_2,EVT_2_EMX2
ZNF423,0.083198,no,yes,no,no,EVT_2,EVT_2_ZNF423
PLAGL1,0.2783,no,yes,no,no,EVT_2,EVT_2_PLAGL1
ETV3,0.080419,yes,yes,no,yes,EVT_2,EVT_2_ETV3
TFAP4,0.026498,no,yes,no,no,EVT_2,EVT_2_TFAP4
SP4,0.041472,no,yes,no,no,EVT_2,EVT_2_SP4
ETS1,0.022743,yes,yes,no,yes,EVT_2,EVT_2_ETS1
ZNF568,0.048057,no,yes,no,no,EVT_2,EVT_2_ZNF568
BATF3,0.097623,no,yes,no,no,EVT_2,EVT_2_BATF3
NPAS3,0.034087,no,yes,no,no,EVT_2,EVT_2_NPAS3
KLF4,0.284685,yes,yes,no,yes,EVT_2,EVT_2_KLF4
ZNF518A,0.52128,yes,no,no,no,EVT_2,EVT_2_ZNF518A
TEAD4,0.023592,no,yes,no,no,EVT_2,EVT_2_TEAD4
ZNF589,0.018239,no,yes,no,no,EVT_2,EVT_2_ZNF589
FEV,not_enough_cells_expr_limma,no,yes,no,no,EVT_2,EVT_2_FEV
SIX2,0.000451,no,yes,no,no,EVT_2,EVT_2_SIX2
ZNF467,0.000745,no,yes,no,no,EVT_2,EVT_2_ZNF467
MECOM,0.107487,no,yes,no,no,EVT_2,EVT_2_MECOM
ZNF81,0.099871,no,yes,no,no,EVT_2,EVT_2_ZNF81
MGA,0.342543,no,yes,no,no,EVT_2,EVT_2_MGA
TSHZ3,0.014616,no,yes,no,no,EVT_2,EVT_2_TSHZ3
NFKB2,0.108079,yes,no,no,no,EVT_2,EVT_2_NFKB2
KAT8,0.078772,no,yes,no,no,EVT_2,EVT_2_KAT8
DMRTC2,0.0,no,yes,no,no,EVT_2,EVT_2_DMRTC2
ZNFX1,0.165986,no,yes,no,no,EVT_2,EVT_2_ZNFX1
PRDM14,0.000487,no,yes,no,no,EVT_2,EVT_2_PRDM14
POU6F1,0.018019,no,yes,no,no,EVT_2,EVT_2_POU6F1
FIZ1,0.020991,no,yes,no,no,EVT_2,EVT_2_FIZ1
STAT3,0.542041,yes,yes,no,yes,EVT_2,EVT_2_STAT3
CREB3L2,1.080408,yes,yes,no,yes,EVT_2,EVT_2_CREB3L2
ZNF324,0.022804,no,yes,no,no,EVT_2,EVT_2_ZNF324
ZNF699,0.012987,no,yes,no,no,EVT_2,EVT_2_ZNF699
NEUROD1,0.0,no,yes,no,no,EVT_2,EVT_2_NEUROD1
TSC22D2,0.43925,yes,yes,no,yes,EVT_2,EVT_2_TSC22D2
ZNF814,0.153472,no,yes,no,no,EVT_2,EVT_2_ZNF814
ETV4,0.079674,no,yes,no,no,EVT_2,EVT_2_ETV4
TFEC,0.01262,no,yes,no,no,EVT_2,EVT_2_TFEC
ZKSCAN1,0.219658,yes,yes,no,yes,EVT_2,EVT_2_ZKSCAN1
MYNN,0.064266,no,yes,no,no,EVT_2,EVT_2_MYNN
ZNF646,0.021998,no,yes,no,no,EVT_2,EVT_2_ZNF646
TRERF1,0.030257,no,yes,no,no,EVT_2,EVT_2_TRERF1
SNAPC4,0.05561,no,yes,no,no,EVT_2,EVT_2_SNAPC4
ZNF606,0.01912,no,yes,no,no,EVT_2,EVT_2_ZNF606
SOX5,0.120219,yes,yes,no,yes,EVT_2,EVT_2_SOX5
MXI1,0.105471,yes,no,no,no,EVT_2,EVT_2_MXI1
SHOX2,0.015712,yes,no,no,no,EVT_2,EVT_2_SHOX2
TRPS1,0.100392,yes,no,no,no,EVT_2,EVT_2_TRPS1
RXRG,0.000443,no,yes,no,no,EVT_2,EVT_2_RXRG
MTA1,0.113496,yes,no,no,no,EVT_2,EVT_2_MTA1
ZNF133,0.049816,no,yes,no,no,EVT_2,EVT_2_ZNF133
SOX11,0.000153,no,yes,no,no,EVT_2,EVT_2_SOX11
KLF16,0.033072,yes,no,no,no,EVT_2,EVT_2_KLF16
ZNF296,0.005697,no,yes,no,no,EVT_2,EVT_2_ZNF296
ZNF658,0.042841,no,yes,no,no,EVT_2,EVT_2_ZNF658
PRDM2,0.380979,yes,yes,no,yes,EVT_2,EVT_2_PRDM2
IRX6,0.002937,no,yes,no,no,EVT_2,EVT_2_IRX6
SNAI2,0.010784,yes,no,no,no,EVT_2,EVT_2_SNAI2
KMT2A,0.226663,yes,no,no,no,EVT_2,EVT_2_KMT2A
ZNF383,0.071766,no,yes,no,no,EVT_2,EVT_2_ZNF383
RFX8,0.003837,no,yes,no,no,EVT_2,EVT_2_RFX8
NPAS2,0.141645,no,yes,no,no,EVT_2,EVT_2_NPAS2
HNF4G,0.005577,no,yes,no,no,EVT_2,EVT_2_HNF4G
CREB3L4,0.039854,no,yes,no,no,EVT_2,EVT_2_CREB3L4
MIER3,0.050858,no,yes,no,no,EVT_2,EVT_2_MIER3
IRX2,0.153623,yes,yes,no,yes,EVT_2,EVT_2_IRX2
ATOH8,0.018634,yes,yes,no,yes,EVT_2,EVT_2_ATOH8
RFX4,0.003631,no,yes,no,no,EVT_2,EVT_2_RFX4
ZNF496,0.078234,no,yes,no,no,EVT_2,EVT_2_ZNF496
ZNF396,0.001125,no,yes,no,no,EVT_2,EVT_2_ZNF396
POGZ,0.216802,no,yes,no,no,EVT_2,EVT_2_POGZ
GMEB2,0.079835,no,yes,no,no,EVT_2,EVT_2_GMEB2
MITF,0.103938,yes,no,no,no,EVT_2,EVT_2_MITF
MEOX2,0.010671,no,yes,no,no,EVT_2,EVT_2_MEOX2
MYT1,0.000225,no,yes,no,no,EVT_2,EVT_2_MYT1
RBAK,0.017946,yes,no,no,no,EVT_2,EVT_2_RBAK
ZNF497,0.00819,no,yes,no,no,EVT_2,EVT_2_ZNF497
TBX3,0.113832,yes,no,no,no,EVT_2,EVT_2_TBX3
ZNF844,0.024893,yes,no,no,no,EVT_2,EVT_2_ZNF844
NR1H3,0.031618,no,yes,no,no,EVT_2,EVT_2_NR1H3
HIC2,0.394685,yes,no,no,no,EVT_2,EVT_2_HIC2
POU2F3,0.002853,no,yes,no,no,EVT_2,EVT_2_POU2F3
ELF3,0.326271,yes,no,no,no,EVT_2,EVT_2_ELF3
ZHX1,0.031346,yes,no,no,no,EVT_2,EVT_2_ZHX1
PLAG1,0.073043,no,yes,no,no,EVT_2,EVT_2_PLAG1
NCOA3,0.638412,no,yes,no,no,EVT_2,EVT_2_NCOA3
NR4A2,0.04467,yes,no,no,no,EVT_2,EVT_2_NR4A2
ZNF304,0.012688,yes,no,no,no,EVT_2,EVT_2_ZNF304
EPAS1,2.068286,yes,yes,no,yes,EVT_2,EVT_2_EPAS1
ZNF358,0.038048,yes,no,no,no,EVT_2,EVT_2_ZNF358
FOXJ2,0.028451,yes,yes,no,yes,EVT_2,EVT_2_FOXJ2
WIZ,0.073669,yes,no,no,no,EVT_2,EVT_2_WIZ
HOXA1,0.00121,no,yes,no,no,EVT_2,EVT_2_HOXA1
PAX1,not_enough_cells_expr_limma,no,yes,no,no,EVT_2,EVT_2_PAX1
ZNF217,0.309015,yes,no,no,no,EVT_2,EVT_2_ZNF217
NPAS4,not_enough_cells_expr_limma,no,yes,no,no,EVT_2,EVT_2_NPAS4
ZNF740,0.015602,no,yes,no,no,EVT_2,EVT_2_ZNF740
TGIF1,0.514068,no,yes,no,no,EVT_2,EVT_2_TGIF1
ZNF335,0.115878,no,yes,no,no,EVT_2,EVT_2_ZNF335
NFKBID,0.023431,no,yes,no,no,EVT_2,EVT_2_NFKBID
E4F1,0.12828,yes,yes,no,yes,EVT_2,EVT_2_E4F1
CUX1,1.775788,yes,no,no,no,EVT_2,EVT_2_CUX1
ARID3A,1.646992,yes,yes,no,yes,EVT_2,EVT_2_ARID3A
HOXB3,0.024279,no,yes,no,no,EVT_2,EVT_2_HOXB3
ZNF268,0.051004,yes,yes,no,yes,EVT_2,EVT_2_ZNF268
TOX2,0.004679,no,yes,no,no,EVT_2,EVT_2_TOX2
MKX,0.001049,no,yes,no,no,EVT_2,EVT_2_MKX
SMAD7,0.038485,yes,no,no,no,EVT_2,EVT_2_SMAD7
ZNF275,0.031685,no,yes,no,no,EVT_2,EVT_2_ZNF275
ZNF891,0.029115,no,yes,no,no,EVT_2,EVT_2_ZNF891
TSC22D3,0.439054,yes,yes,no,yes,EVT_2,EVT_2_TSC22D3
NFKB1,0.43951,yes,yes,no,yes,EVT_2,EVT_2_NFKB1
SP140,0.015726,no,yes,no,no,EVT_2,EVT_2_SP140
ZNF333,0.048729,no,yes,no,no,EVT_2,EVT_2_ZNF333
MLXIP,0.0824,yes,yes,no,yes,EVT_2,EVT_2_MLXIP
ELMSAN1,0.212014,no,yes,no,no,EVT_2,EVT_2_ELMSAN1
ZBTB7A,0.15665,yes,no,no,no,EVT_2,EVT_2_ZBTB7A
ZNF320,0.00579,no,yes,no,no,EVT_2,EVT_2_ZNF320
ZNF70,0.003902,no,yes,no,no,EVT_2,EVT_2_ZNF70
ZBTB47,0.003424,no,yes,no,no,EVT_2,EVT_2_ZBTB47
FOXJ1,0.00352,no,yes,no,no,EVT_2,EVT_2_FOXJ1
ZNF536,0.001538,no,yes,no,no,EVT_2,EVT_2_ZNF536
TBX4,0.000548,no,yes,no,no,EVT_2,EVT_2_TBX4
PROX2,0.000486,no,yes,no,no,EVT_2,EVT_2_PROX2
TCF12,1.024366,no,yes,no,no,EVT_2,EVT_2_TCF12
KLF2,0.112049,yes,no,no,no,EVT_2,EVT_2_KLF2
TCF7L2,2.437259,yes,no,no,no,EVT_2,EVT_2_TCF7L2
VENTX,0.001051,no,yes,no,no,EVT_2,EVT_2_VENTX
PRRX1,0.009391,no,yes,no,no,EVT_2,EVT_2_PRRX1
HEY2,0.000482,no,yes,no,no,EVT_2,EVT_2_HEY2
CEBPA,0.221479,yes,yes,no,yes,EVT_2,EVT_2_CEBPA
ASCL1,0.000547,no,yes,no,no,EVT_2,EVT_2_ASCL1
TEAD1,2.051134,yes,no,no,no,EVT_2,EVT_2_TEAD1
ZNF644,0.366456,no,yes,no,no,EVT_2,EVT_2_ZNF644
TP53,0.13412,no,yes,no,no,EVT_2,EVT_2_TP53
MYOG,0.000319,no,yes,no,no,EVT_2,EVT_2_MYOG
ZNF235,0.076416,no,yes,no,no,EVT_2,EVT_2_ZNF235
THAP1,0.037225,no,yes,no,no,EVT_2,EVT_2_THAP1
ZNF468,0.055221,yes,no,no,no,EVT_2,EVT_2_ZNF468
ZBTB32,0.002303,no,yes,no,no,EVT_2,EVT_2_ZBTB32
FOXA3,0.001212,no,yes,no,no,EVT_2,EVT_2_FOXA3
ETS2,0.767115,yes,no,no,no,EVT_2,EVT_2_ETS2
ZBTB34,0.04644,no,yes,no,no,EVT_2,EVT_2_ZBTB34
MAZ,0.246182,yes,yes,no,yes,EVT_2,EVT_2_MAZ
GRHL2,0.651124,no,yes,no,no,EVT_2,EVT_2_GRHL2
LMX1B,0.002317,no,yes,no,no,EVT_2,EVT_2_LMX1B
SP110,0.216638,no,yes,no,no,EVT_2,EVT_2_SP110
ZNF292,0.618769,no,yes,no,no,EVT_2,EVT_2_ZNF292
MEF2D,0.093436,yes,yes,no,yes,EVT_2,EVT_2_MEF2D
JUND,0.893921,yes,no,no,no,EVT_2,EVT_2_JUND
ZNF708,0.116972,no,yes,no,no,EVT_2,EVT_2_ZNF708
ZNF516,0.041322,yes,yes,no,yes,EVT_2,EVT_2_ZNF516
ZNF768,0.043598,yes,no,no,no,EVT_2,EVT_2_ZNF768
KDM5D,0.021182,yes,no,no,no,EVT_2,EVT_2_KDM5D
ZNF273,0.044958,no,yes,no,no,EVT_2,EVT_2_ZNF273
IRF6,0.070122,no,yes,no,no,EVT_2,EVT_2_IRF6
ATF7,0.057661,no,yes,no,no,EVT_2,EVT_2_ATF7
ZNF24,0.162727,yes,no,no,no,EVT_2,EVT_2_ZNF24
TFAP2E,0.003705,no,yes,no,no,EVT_2,EVT_2_TFAP2E
ZNF276,0.076888,no,yes,no,no,EVT_2,EVT_2_ZNF276
REL,0.370857,yes,yes,no,yes,EVT_2,EVT_2_REL
L3MBTL1,0.218874,no,yes,no,no,EVT_2,EVT_2_L3MBTL1
SOX4,1.172772,yes,yes,no,yes,EVT_2,EVT_2_SOX4
ZNF521,0.016152,no,yes,no,no,EVT_2,EVT_2_ZNF521
HIVEP2,0.111039,yes,yes,no,yes,EVT_2,EVT_2_HIVEP2
NR4A1,0.12302,yes,no,no,no,EVT_2,EVT_2_NR4A1
ZNF175,0.038637,no,yes,no,no,EVT_2,EVT_2_ZNF175
ZNF337,0.036335,no,yes,no,no,EVT_2,EVT_2_ZNF337
ZNF154,0.006269,no,yes,no,no,EVT_2,EVT_2_ZNF154
BHLHE40,0.234404,yes,no,no,no,EVT_2,EVT_2_BHLHE40
JDP2,0.061221,no,yes,no,no,EVT_2,EVT_2_JDP2
RARA,0.036118,no,yes,no,no,EVT_2,EVT_2_RARA
FOXK2,0.361767,no,yes,no,no,EVT_2,EVT_2_FOXK2
HOXB7,0.030074,no,yes,no,no,EVT_2,EVT_2_HOXB7
CEBPB,0.856005,yes,no,no,no,EVT_2,EVT_2_CEBPB
SPI1,0.010025,no,yes,no,no,EVT_2,EVT_2_SPI1
BARX2,0.010631,no,yes,no,no,EVT_2,EVT_2_BARX2
ZNF597,0.02472,yes,no,no,no,EVT_2,EVT_2_ZNF597
RELB,0.069738,yes,yes,no,yes,EVT_2,EVT_2_RELB
HIC1,0.018191,yes,no,no,no,EVT_2,EVT_2_HIC1
SALL2,0.000228,no,yes,no,no,EVT_2,EVT_2_SALL2
FEZF2,0.0,no,yes,no,no,EVT_2,EVT_2_FEZF2
ARID5B,0.613406,no,yes,no,no,EVT_2,EVT_2_ARID5B
ZGLP1,0.006235,no,yes,no,no,EVT_2,EVT_2_ZGLP1
ESR1,0.051141,no,yes,no,no,EVT_2,EVT_2_ESR1
HAND2,0.039951,yes,yes,no,yes,EVT_2,EVT_2_HAND2
GLIS1,0.003084,no,yes,no,no,EVT_2,EVT_2_GLIS1
FLI1,0.035532,yes,no,no,no,EVT_2,EVT_2_FLI1
TCF21,0.016377,no,yes,no,no,EVT_2,EVT_2_TCF21
FOXN1,not_enough_cells_expr_limma,no,yes,no,no,EVT_2,EVT_2_FOXN1
ZNF436,0.012999,yes,no,no,no,EVT_2,EVT_2_ZNF436
NFE2,0.000392,no,yes,no,no,EVT_2,EVT_2_NFE2
PBX3,0.09205,no,yes,no,no,EVT_2,EVT_2_PBX3
ZNF182,0.020969,yes,no,no,no,EVT_2,EVT_2_ZNF182
TP73,0.00754,no,yes,no,no,EVT_2,EVT_2_TP73
NFKBIA,0.384384,yes,no,no,no,EVT_2,EVT_2_NFKBIA
FOXD2,0.0,no,yes,no,no,EVT_2,EVT_2_FOXD2
SCX,0.023258,yes,yes,no,yes,EVT_2,EVT_2_SCX
NEUROD2,0.0,no,yes,no,no,EVT_2,EVT_2_NEUROD2
PURA,0.274117,yes,no,no,no,EVT_2,EVT_2_PURA
HES2,0.048023,yes,no,no,no,EVT_2,EVT_2_HES2
SMARCC1,0.87559,no,yes,no,no,EVT_2,EVT_2_SMARCC1
NFIB,0.066595,no,yes,no,no,EVT_2,EVT_2_NFIB
PBX4,0.139554,yes,yes,no,yes,EVT_2,EVT_2_PBX4
PRRX2,0.003311,no,yes,no,no,EVT_2,EVT_2_PRRX2
NR4A3,0.019663,yes,no,no,no,EVT_2,EVT_2_NR4A3
ZFHX4,0.005583,no,yes,no,no,EVT_2,EVT_2_ZFHX4
ZBTB8B,0.002022,no,yes,no,no,EVT_2,EVT_2_ZBTB8B
GRHL1,0.815072,yes,yes,no,yes,EVT_2,EVT_2_GRHL1
MAFK,0.237107,yes,yes,no,yes,EVT_2,EVT_2_MAFK
TBX6,0.003895,no,yes,no,no,EVT_2,EVT_2_TBX6
ZNF85,0.049747,no,yes,no,no,EVT_2,EVT_2_ZNF85
ZBTB7C,0.025307,no,yes,no,no,EVT_2,EVT_2_ZBTB7C
ZNF384,0.113586,yes,yes,no,yes,EVT_2,EVT_2_ZNF384
ZEB1,0.116437,yes,no,no,no,EVT_2,EVT_2_ZEB1
ZBTB33,0.045886,yes,no,no,no,EVT_2,EVT_2_ZBTB33
SMAD4,0.204403,no,yes,no,no,EVT_2,EVT_2_SMAD4
CXXC1,0.137831,no,yes,no,no,EVT_2,EVT_2_CXXC1
ZNF791,0.176908,yes,yes,no,yes,EVT_2,EVT_2_ZNF791
RFX1,0.194558,yes,no,no,no,EVT_2,EVT_2_RFX1
BNC2,0.124676,no,yes,no,no,EVT_2,EVT_2_BNC2
ZNF551,0.015548,yes,no,no,no,EVT_2,EVT_2_ZNF551
RXRB,0.077021,no,yes,no,no,EVT_2,EVT_2_RXRB
GATAD2A,0.649464,no,yes,no,no,EVT_2,EVT_2_GATAD2A
ZNF792,0.002637,no,yes,no,no,EVT_2,EVT_2_ZNF792
ZNF92,0.046735,no,yes,no,no,EVT_2,EVT_2_ZNF92
CASZ1,0.011087,no,yes,no,no,EVT_2,EVT_2_CASZ1
DMAP1,0.077211,no,yes,no,no,EVT_2,EVT_2_DMAP1
ZNF444,0.03627,no,yes,no,no,EVT_2,EVT_2_ZNF444
MAFB,0.013423,no,yes,no,no,EVT_2,EVT_2_MAFB
ZNF664,0.037793,yes,no,no,no,EVT_2,EVT_2_ZNF664
ARNT2,0.019199,yes,yes,no,yes,EVT_2,EVT_2_ARNT2
MEF2A,0.213993,yes,yes,no,yes,EVT_2,EVT_2_MEF2A
ZBTB21,0.073047,yes,yes,no,yes,EVT_2,EVT_2_ZBTB21
PLAGL2,0.021398,no,yes,no,no,EVT_2,EVT_2_PLAGL2
EGR3,0.009255,no,yes,no,no,EVT_2,EVT_2_EGR3
ZNF773,0.011353,yes,no,no,no,EVT_2,EVT_2_ZNF773
KDM5C,0.199834,yes,yes,no,yes,EVT_2,EVT_2_KDM5C
GCM2,0.0,no,yes,no,no,EVT_2,EVT_2_GCM2
ZNF710,0.087512,no,yes,no,no,EVT_2,EVT_2_ZNF710
PAX6,0.002757,no,yes,no,no,EVT_2,EVT_2_PAX6
NKX2-1,not_enough_cells_expr_limma,no,yes,no,no,EVT_2,EVT_2_NKX2-1
BCL11A,0.008555,yes,no,no,no,EVT_2,EVT_2_BCL11A
HEYL,0.000747,no,yes,no,no,EVT_2,EVT_2_HEYL
ZIC1,0.000819,no,yes,no,no,EVT_2,EVT_2_ZIC1
ZNF316,0.063712,yes,yes,no,yes,EVT_2,EVT_2_ZNF316
KDM2A,0.518741,yes,yes,no,yes,EVT_2,EVT_2_KDM2A
ZNF282,0.054839,no,yes,no,no,EVT_2,EVT_2_ZNF282
HOXA5,0.002933,yes,no,no,no,EVT_2,EVT_2_HOXA5
MXD4,0.241568,yes,yes,no,yes,EVT_2,EVT_2_MXD4
OSR2,0.308044,no,yes,no,no,EVT_2,EVT_2_OSR2
LYL1,0.004525,no,yes,no,no,EVT_2,EVT_2_LYL1
TAF1,0.258776,no,yes,no,no,EVT_2,EVT_2_TAF1
FOSB,1.212461,yes,no,no,no,EVT_2,EVT_2_FOSB
ZNF528,0.055892,no,yes,no,no,EVT_2,EVT_2_ZNF528
CLOCK,0.180459,no,yes,no,no,EVT_2,EVT_2_CLOCK
ZNF687,0.0375,yes,yes,no,yes,EVT_2,EVT_2_ZNF687
ZNF469,0.0,no,yes,no,no,EVT_2,EVT_2_ZNF469
CREB1,0.22689,no,yes,no,no,EVT_2,EVT_2_CREB1
RORB,0.077863,yes,no,no,no,EVT_2,EVT_2_RORB
NR2F6,0.356726,yes,no,no,no,EVT_2,EVT_2_NR2F6
ZNF331,0.218072,no,yes,no,no,EVT_2,EVT_2_ZNF331
CTCFL,0.000202,no,yes,no,no,EVT_2,EVT_2_CTCFL
ZNF506,0.047195,yes,yes,no,yes,EVT_2,EVT_2_ZNF506
ZNF618,0.006184,no,yes,no,no,EVT_2,EVT_2_ZNF618
SIX1,0.0,no,yes,no,no,EVT_2,EVT_2_SIX1
SFPQ,0.80204,yes,no,no,no,EVT_2,EVT_2_SFPQ
HES4,0.195316,yes,no,no,no,EVT_2,EVT_2_HES4
ZBTB18,0.022269,yes,no,no,no,EVT_2,EVT_2_ZBTB18
KLF1,0.000765,no,yes,no,no,EVT_2,EVT_2_KLF1
TBX5,0.001411,no,yes,no,no,EVT_2,EVT_2_TBX5
CREB3L3,0.000504,no,yes,no,no,EVT_2,EVT_2_CREB3L3
ZXDC,0.104834,no,yes,no,no,EVT_2,EVT_2_ZXDC
UBTF,0.165694,no,yes,no,no,EVT_2,EVT_2_UBTF
SRF,0.146807,yes,no,no,no,EVT_2,EVT_2_SRF
HOXC4,0.000628,no,yes,no,no,EVT_2,EVT_2_HOXC4
TLX1,not_enough_cells_expr_limma,no,yes,no,no,EVT_2,EVT_2_TLX1
TCF15,0.000904,no,yes,no,no,EVT_2,EVT_2_TCF15
ZSCAN4,0.0053,no,yes,no,no,EVT_2,EVT_2_ZSCAN4
SP1,0.175246,no,yes,no,no,EVT_2,EVT_2_SP1
ZNF577,0.055399,no,yes,no,no,EVT_2,EVT_2_ZNF577
